entry_id,run_id,sitemap_url,url,entry_kind,lastmod,sitemap_lastmod,changefreq,priority,extensions_json,hreflang_links_json,namespace_decls_json
1,3c174164-cb26-4fb2-adad-387bab3dda2b,https://void-agency.com/sitemap.xml,https://void-agency.com/smbs,url,2026-02-25,,weekly,1.0,"{""image"": [{""caption"": ""High-performance websites and demand generation systems for growing businesses"", ""license"": """", ""loc"": ""https://void-agency.com/og-image.jpg"", ""title"": ""VOID Agency \u2014 Websites & Growth Systems for Growing Businesses""}], ""news"": {}, ""video"": []}",[],"{""default"": ""http://www.sitemaps.org/schemas/sitemap/0.9"", ""image"": ""http://www.google.com/schemas/sitemap-image/1.1""}"
2,3c174164-cb26-4fb2-adad-387bab3dda2b,https://void-agency.com/sitemap.xml,https://void-agency.com/plumbers,url,2026-03-24,,weekly,0.96,"{""image"": [{""caption"": ""Local SEO and conversion websites for Austin plumbing companies"", ""license"": """", ""loc"": ""https://void-agency.com/og-image.jpg"", ""title"": ""Web Design for Plumbers Austin | VOID Agency""}], ""news"": {}, ""video"": []}",[],"{""default"": ""http://www.sitemaps.org/schemas/sitemap/0.9"", ""image"": ""http://www.google.com/schemas/sitemap-image/1.1""}"
3,3c174164-cb26-4fb2-adad-387bab3dda2b,https://void-agency.com/sitemap.xml,https://void-agency.com/dentists,url,2026-03-24,,weekly,0.96,"{""image"": [{""caption"": ""Dental websites and local SEO built to increase bookings"", ""license"": """", ""loc"": ""https://void-agency.com/og-image.jpg"", ""title"": ""Web Design for Dentists Austin | VOID Agency""}], ""news"": {}, ""video"": []}",[],"{""default"": ""http://www.sitemaps.org/schemas/sitemap/0.9"", ""image"": ""http://www.google.com/schemas/sitemap-image/1.1""}"
4,3c174164-cb26-4fb2-adad-387bab3dda2b,https://void-agency.com/sitemap.xml,https://void-agency.com/lawyers,url,2026-03-24,,weekly,0.96,"{""image"": [{""caption"": ""Legal lead generation websites and intake funnels for Austin law firms"", ""license"": """", ""loc"": ""https://void-agency.com/og-image.jpg"", ""title"": ""Web Design for Lawyers Austin | VOID Agency""}], ""news"": {}, ""video"": []}",[],"{""default"": ""http://www.sitemaps.org/schemas/sitemap/0.9"", ""image"": ""http://www.google.com/schemas/sitemap-image/1.1""}"
5,3c174164-cb26-4fb2-adad-387bab3dda2b,https://void-agency.com/sitemap.xml,https://void-agency.com/hvac,url,2026-03-24,,weekly,0.96,"{""image"": [{""caption"": ""Emergency-intent HVAC websites and local SEO for Austin contractors"", ""license"": """", ""loc"": ""https://void-agency.com/og-image.jpg"", ""title"": ""Web Design for HVAC Contractors Austin | VOID Agency""}], ""news"": {}, ""video"": []}",[],"{""default"": ""http://www.sitemaps.org/schemas/sitemap/0.9"", ""image"": ""http://www.google.com/schemas/sitemap-image/1.1""}"
6,3c174164-cb26-4fb2-adad-387bab3dda2b,https://void-agency.com/sitemap.xml,https://void-agency.com/orthodontists,url,2026-03-24,,weekly,0.96,"{""image"": [{""caption"": ""Orthodontic websites and local SEO built to increase consultations"", ""license"": """", ""loc"": ""https://void-agency.com/og-image.jpg"", ""title"": ""Web Design for Orthodontists Austin | VOID Agency""}], ""news"": {}, ""video"": []}",[],"{""default"": ""http://www.sitemaps.org/schemas/sitemap/0.9"", ""image"": ""http://www.google.com/schemas/sitemap-image/1.1""}"
7,3c174164-cb26-4fb2-adad-387bab3dda2b,https://void-agency.com/sitemap.xml,https://void-agency.com/foundation-repair,url,2026-03-24,,weekly,0.96,"{""image"": [{""caption"": ""High-trust foundation repair websites and local SEO for Central Texas"", ""license"": """", ""loc"": ""https://void-agency.com/og-image.jpg"", ""title"": ""Web Design for Foundation Repair Austin | VOID Agency""}], ""news"": {}, ""video"": []}",[],"{""default"": ""http://www.sitemaps.org/schemas/sitemap/0.9"", ""image"": ""http://www.google.com/schemas/sitemap-image/1.1""}"
8,3c174164-cb26-4fb2-adad-387bab3dda2b,https://void-agency.com/sitemap.xml,https://void-agency.com/med-spas,url,2026-03-24,,weekly,0.96,"{""image"": [{""caption"": ""Premium med spa websites and local SEO for high-intent bookings"", ""license"": """", ""loc"": ""https://void-agency.com/og-image.jpg"", ""title"": ""Web Design for Med Spas Austin | VOID Agency""}], ""news"": {}, ""video"": []}",[],"{""default"": ""http://www.sitemaps.org/schemas/sitemap/0.9"", ""image"": ""http://www.google.com/schemas/sitemap-image/1.1""}"
9,3c174164-cb26-4fb2-adad-387bab3dda2b,https://void-agency.com/sitemap.xml,https://void-agency.com/auto-body,url,2026-03-24,,weekly,0.96,"{""image"": [{""caption"": ""Collision repair websites and local SEO for urgent accident searches"", ""license"": """", ""loc"": ""https://void-agency.com/og-image.jpg"", ""title"": ""Web Design for Auto Body Shops Austin | VOID Agency""}], ""news"": {}, ""video"": []}",[],"{""default"": ""http://www.sitemaps.org/schemas/sitemap/0.9"", ""image"": ""http://www.google.com/schemas/sitemap-image/1.1""}"
10,3c174164-cb26-4fb2-adad-387bab3dda2b,https://void-agency.com/sitemap.xml,https://void-agency.com/vets,url,2026-03-24,,weekly,0.96,"{""image"": [{""caption"": ""Veterinary websites and local SEO for routine and emergency pet care"", ""license"": """", ""loc"": ""https://void-agency.com/og-image.jpg"", ""title"": ""Web Design for Veterinary Clinics Austin | VOID Agency""}], ""news"": {}, ""video"": []}",[],"{""default"": ""http://www.sitemaps.org/schemas/sitemap/0.9"", ""image"": ""http://www.google.com/schemas/sitemap-image/1.1""}"
11,3c174164-cb26-4fb2-adad-387bab3dda2b,https://void-agency.com/sitemap.xml,https://void-agency.com/,url,2026-02-25,,weekly,0.9,"{""image"": [], ""news"": {}, ""video"": []}",[],"{""default"": ""http://www.sitemaps.org/schemas/sitemap/0.9"", ""image"": ""http://www.google.com/schemas/sitemap-image/1.1""}"
12,3c174164-cb26-4fb2-adad-387bab3dda2b,https://void-agency.com/sitemap.xml,https://void-agency.com/insights,url,2026-02-25,,weekly,0.9,"{""image"": [], ""news"": {}, ""video"": []}",[],"{""default"": ""http://www.sitemaps.org/schemas/sitemap/0.9"", ""image"": ""http://www.google.com/schemas/sitemap-image/1.1""}"
13,3c174164-cb26-4fb2-adad-387bab3dda2b,https://void-agency.com/sitemap.xml,https://void-agency.com/insights/map-pack-playbook,url,2026-02-25,,monthly,0.9,"{""image"": [], ""news"": {}, ""video"": []}",[],"{""default"": ""http://www.sitemaps.org/schemas/sitemap/0.9"", ""image"": ""http://www.google.com/schemas/sitemap-image/1.1""}"
14,3c174164-cb26-4fb2-adad-387bab3dda2b,https://void-agency.com/sitemap.xml,https://void-agency.com/insights/texas-seo,url,2026-02-25,,monthly,0.9,"{""image"": [], ""news"": {}, ""video"": []}",[],"{""default"": ""http://www.sitemaps.org/schemas/sitemap/0.9"", ""image"": ""http://www.google.com/schemas/sitemap-image/1.1""}"
15,3c174164-cb26-4fb2-adad-387bab3dda2b,https://void-agency.com/sitemap.xml,https://void-agency.com/insights/texas-market-2026,url,2026-02-25,,monthly,0.9,"{""image"": [], ""news"": {}, ""video"": []}",[],"{""default"": ""http://www.sitemaps.org/schemas/sitemap/0.9"", ""image"": ""http://www.google.com/schemas/sitemap-image/1.1""}"
16,3c174164-cb26-4fb2-adad-387bab3dda2b,https://void-agency.com/sitemap.xml,https://void-agency.com/insights/case-study,url,2026-02-25,,monthly,0.85,"{""image"": [], ""news"": {}, ""video"": []}",[],"{""default"": ""http://www.sitemaps.org/schemas/sitemap/0.9"", ""image"": ""http://www.google.com/schemas/sitemap-image/1.1""}"
17,3c174164-cb26-4fb2-adad-387bab3dda2b,https://void-agency.com/sitemap.xml,https://void-agency.com/insights/smb-guide,url,2026-02-25,,monthly,0.85,"{""image"": [], ""news"": {}, ""video"": []}",[],"{""default"": ""http://www.sitemaps.org/schemas/sitemap/0.9"", ""image"": ""http://www.google.com/schemas/sitemap-image/1.1""}"
18,3c174164-cb26-4fb2-adad-387bab3dda2b,https://void-agency.com/sitemap.xml,https://void-agency.com/insights/site-speed,url,2026-02-25,,monthly,0.8,"{""image"": [], ""news"": {}, ""video"": []}",[],"{""default"": ""http://www.sitemaps.org/schemas/sitemap/0.9"", ""image"": ""http://www.google.com/schemas/sitemap-image/1.1""}"
19,3c174164-cb26-4fb2-adad-387bab3dda2b,https://void-agency.com/sitemap.xml,https://void-agency.com/insights/texas-cost-stack,url,2026-02-25,,monthly,0.8,"{""image"": [], ""news"": {}, ""video"": []}",[],"{""default"": ""http://www.sitemaps.org/schemas/sitemap/0.9"", ""image"": ""http://www.google.com/schemas/sitemap-image/1.1""}"
20,3c174164-cb26-4fb2-adad-387bab3dda2b,https://void-agency.com/sitemap.xml,https://void-agency.com/insights/builder-incentives,url,2026-02-25,,monthly,0.8,"{""image"": [], ""news"": {}, ""video"": []}",[],"{""default"": ""http://www.sitemaps.org/schemas/sitemap/0.9"", ""image"": ""http://www.google.com/schemas/sitemap-image/1.1""}"
21,3c174164-cb26-4fb2-adad-387bab3dda2b,https://void-agency.com/sitemap.xml,https://void-agency.com/insights/recruiting,url,2026-02-25,,monthly,0.75,"{""image"": [], ""news"": {}, ""video"": []}",[],"{""default"": ""http://www.sitemaps.org/schemas/sitemap/0.9"", ""image"": ""http://www.google.com/schemas/sitemap-image/1.1""}"
22,3c174164-cb26-4fb2-adad-387bab3dda2b,https://void-agency.com/sitemap.xml,https://void-agency.com/insights/video-strategy,url,2026-02-25,,monthly,0.75,"{""image"": [], ""news"": {}, ""video"": []}",[],"{""default"": ""http://www.sitemaps.org/schemas/sitemap/0.9"", ""image"": ""http://www.google.com/schemas/sitemap-image/1.1""}"
23,3c174164-cb26-4fb2-adad-387bab3dda2b,https://void-agency.com/sitemap.xml,https://void-agency.com/insights/data-maturity,url,2026-02-25,,monthly,0.75,"{""image"": [], ""news"": {}, ""video"": []}",[],"{""default"": ""http://www.sitemaps.org/schemas/sitemap/0.9"", ""image"": ""http://www.google.com/schemas/sitemap-image/1.1""}"
24,3c174164-cb26-4fb2-adad-387bab3dda2b,https://void-agency.com/sitemap.xml,https://void-agency.com/privacy,url,2026-02-25,,yearly,0.3,"{""image"": [], ""news"": {}, ""video"": []}",[],"{""default"": ""http://www.sitemaps.org/schemas/sitemap/0.9"", ""image"": ""http://www.google.com/schemas/sitemap-image/1.1""}"
25,3c174164-cb26-4fb2-adad-387bab3dda2b,https://void-agency.com/sitemap.xml,https://void-agency.com/terms,url,2026-02-25,,yearly,0.3,"{""image"": [], ""news"": {}, ""video"": []}",[],"{""default"": ""http://www.sitemaps.org/schemas/sitemap/0.9"", ""image"": ""http://www.google.com/schemas/sitemap-image/1.1""}"
